<?xml version="1.0" encoding="utf-8"?>
<Faktura xmlns:etd="http://crd.gov.pl/xml/schematy/dziedzinowe/mf/2021/06/09/eD/DefinicjeTypy/" xmlns:xsi="http://www.w3.org/2001/XMLSchema-instance"
xmlns="http://crd.gov.pl/wzor/2021/11/29/11089/">
	<Naglowek>
		<KodFormularza kodSystemowy="FA (1)" wersjaSchemy="1-0E">FA</KodFormularza>
		<WariantFormularza>1</WariantFormularza>
		<DataWytworzeniaFa>2022-02-15T09:30:47Z</DataWytworzeniaFa>
		<SystemInfo>Samplofaktur</SystemInfo>
	</Naglowek>
	<Podmiot1>
		<DaneIdentyfikacyjne>
			<NIP>9999999999</NIP>
			<PelnaNazwa>ABC AGD sp. z o. o.</PelnaNazwa>
		</DaneIdentyfikacyjne>
		<Adres>
		   	<AdresPol>
				<KodKraju>PL</KodKraju>
				<Ulica>Kwiatowa</Ulica>
				<NrDomu>1</NrDomu>
				<NrLokalu>2</NrLokalu>
				<Miejscowosc>Warszawa</Miejscowosc>
				<KodPocztowy>00-001</KodPocztowy>
			</AdresPol>
		</Adres>
		<Email>abc@abc.pl</Email>
		<Telefon>667444555</Telefon>		
	</Podmiot1>
	<Podmiot2>
		<DaneIdentyfikacyjne>
			<BrakID>1</BrakID>
			<ImiePierwsze>Jan</ImiePierwsze>
			<Nazwisko>Kowalski</Nazwisko>
			</DaneIdentyfikacyjne>
		<Adres>
		   	<AdresPol>
				<KodKraju>PL</KodKraju>
				<Ulica>Polna</Ulica>
				<NrDomu>1</NrDomu>
				<Miejscowosc>Warszawa</Miejscowosc>
				<KodPocztowy>00-001</KodPocztowy>
			</AdresPol>
		</Adres>
		<Email>jan@kowalski.pl</Email>
		<Telefon>555777999</Telefon>
		<NrKlienta>fdfd778343</NrKlienta>
	</Podmiot2>
	<Fa>
		<KodWaluty>PLN</KodWaluty>
		<P_1>2022-02-15</P_1>
		<P_1M>Warszawa</P_1M>
		<P_2>FV2022/02/150</P_2>
		<P_6>2022-01-27</P_6>
		<P_13_1>1666.66</P_13_1>
		<P_14_1>383.33</P_14_1>
		<P_13_3>0.95</P_13_3>
		<P_14_3>0.05</P_14_3>
		<P_15>2051</P_15>
		<Adnotacje>
			<P_16>2</P_16>
			<P_17>2</P_17>
			<P_18>2</P_18>
			<P_18A>2</P_18A>
			<P_19>2</P_19>
			<P_22>2</P_22>
			<P_23>2</P_23>
			<P_PMarzy>2</P_PMarzy>
		</Adnotacje>
		<RodzajFaktury>VAT</RodzajFaktury>
		<FP>1</FP>
		<DodatkowyOpis>
			<Klucz>preferowane godziny dowozu</Klucz>
			<Wartosc>dni robocze 17:00 - 20:00</Wartosc>
		</DodatkowyOpis>
		<FaWiersze>
			<LiczbaWierszyFaktury>3</LiczbaWierszyFaktury>
			<WartoscWierszyFaktury1>1667.61</WartoscWierszyFaktury1>
			<FaWiersz>
				<NrWierszaFa>1</NrWierszaFa>
				<UU_ID>aaaa111133339990</UU_ID>
				<P_7>lodówka Zimnotech mk1</P_7>
				<P_8A>szt.</P_8A>
				<P_8B>1</P_8B>
				<P_9A>1626.01</P_9A>
				<P_11>1626.01</P_11>
				<P_12>23</P_12>
				<P_12_Procedura>7</P_12_Procedura>
			</FaWiersz>
			<FaWiersz>
				<NrWierszaFa>2</NrWierszaFa>
				<UU_ID>aaaa111133339991</UU_ID>
				<P_7>wniesienie sprzętu</P_7>
				<P_8A>szt.</P_8A>
				<P_8B>1</P_8B>
				<P_9A>40.65</P_9A>
				<P_11>40.65</P_11>
				<P_12>23</P_12>
				<P_12_Procedura>7</P_12_Procedura>
			</FaWiersz>
			<FaWiersz>
				<NrWierszaFa>3</NrWierszaFa>
				<UU_ID>aaaa111133339992</UU_ID>
				<P_7>promocja lodówka pełna mleka</P_7>
				<P_8A>szt.</P_8A>
				<P_8B>1</P_8B>
				<P_9A>0.95</P_9A>
				<P_11>0.95</P_11>
				<P_12>5</P_12>
				<P_12_Procedura>7</P_12_Procedura>
			</FaWiersz>
		</FaWiersze>
		<Platnosc>
			<Zaplacono>1</Zaplacono>
			<DataZaplaty>2022-01-27</DataZaplaty>
			<FormaPlatnosci>6</FormaPlatnosci>
		</Platnosc>
		<WarunkiTransakcji>
			<Zamowienia>
				<DataZamowienia>2022-01-26</DataZamowienia>
				<NrZamowienia>4354343</NrZamowienia>
			</Zamowienia>
		</WarunkiTransakcji>
	</Fa>
	<Stopka>
		<Informacje>
			<StopkaFaktury>Kapiał zakładowy 5 000 000</StopkaFaktury>
		</Informacje>
		<Rejestry>
			<KRS>0000099999</KRS>
			<REGON>999999999</REGON>
			<BDO>000099999</BDO>
		</Rejestry>
	</Stopka>
</Faktura>
