<?xml version="1.0" encoding="utf-8"?>
<Faktura xmlns:etd="http://crd.gov.pl/xml/schematy/dziedzinowe/mf/2021/06/09/eD/DefinicjeTypy/" xmlns:xsi="http://www.w3.org/2001/XMLSchema-instance"
xmlns="http://crd.gov.pl/wzor/2021/11/29/11089/">
	<Naglowek>
		<KodFormularza kodSystemowy="FA (1)" wersjaSchemy="1-0E">FA</KodFormularza>
		<WariantFormularza>1</WariantFormularza>
		<DataWytworzeniaFa>2022-02-15T09:30:47Z</DataWytworzeniaFa>
		<SystemInfo>Samplofaktur</SystemInfo>
	</Naglowek>
	<Podmiot1>
		<DaneIdentyfikacyjne>
			<NIP>9999999999</NIP>
			<PelnaNazwa>Komis ABC AGD sp. z o. o.</PelnaNazwa>
		</DaneIdentyfikacyjne>
		<Adres>
		   	<AdresPol>
				<KodKraju>PL</KodKraju>
				<Ulica>Kwiatowa</Ulica>
				<NrDomu>1</NrDomu>
				<NrLokalu>2</NrLokalu>
				<Miejscowosc>Warszawa</Miejscowosc>
				<KodPocztowy>00-001</KodPocztowy>
			</AdresPol>
		</Adres>
		<Email>abc@abc.pl</Email>
		<Telefon>667444555</Telefon>		
	</Podmiot1>
	<Podmiot2>
		<DaneIdentyfikacyjne>
			<BrakID>1</BrakID>
			<ImiePierwsze>Jan</ImiePierwsze>
			<Nazwisko>Kowalski</Nazwisko>
		</DaneIdentyfikacyjne>
		<Adres>
			<AdresPol>
				<KodKraju>PL</KodKraju>
				<Ulica>Sadowa</Ulica>
				<NrDomu>1</NrDomu>
				<NrLokalu>3</NrLokalu>
				<Miejscowosc>Kraków</Miejscowosc>
				<KodPocztowy>00-002</KodPocztowy>
			</AdresPol>
		</Adres>
		<Email>jan@kowalski.pl</Email>
		<Telefon>555777999</Telefon>
		<NrKlienta>fdfd778343</NrKlienta>
	</Podmiot2>
	<Fa>
		<KodWaluty>PLN</KodWaluty>
		<P_1>2022-01-27</P_1>
		<P_1M>Warszawa</P_1M>
		<P_2>FM2022/02/150</P_2>
		<P_6>2022-01-27</P_6>
		<P_15>15000</P_15>
		<Adnotacje>
			<P_16>2</P_16>
			<P_17>2</P_17>
			<P_18>2</P_18>
			<P_18A>2</P_18A>
			<P_19>2</P_19>
			<P_22>2</P_22>
			<P_23>2</P_23>
			<P_PMarzy>1</P_PMarzy>
			<P_PMarzy_3_1>1</P_PMarzy_3_1>
		</Adnotacje>
		<RodzajFaktury>VAT</RodzajFaktury>
		<FP>1</FP>
		<FaWiersze>
			<LiczbaWierszyFaktury>1</LiczbaWierszyFaktury>
			<WartoscWierszyFaktury2>15000</WartoscWierszyFaktury2>
			<FaWiersz>
				<NrWierszaFa>1</NrWierszaFa>
				<P_7>samochód używany marki Autex rocznik 2010</P_7>
				<P_8A>szt.</P_8A>
				<P_8B>1</P_8B>
				<P_9B>15000</P_9B>
				<P_11A>15000</P_11A>
				<GTU>GTU_07</GTU>
			</FaWiersz>			
		</FaWiersze>
		<Platnosc>
			<ZaplataCzesciowa>1</ZaplataCzesciowa>
			<PlatnosciCzesciowe>
				<KwotaZaplatyCzesciowej>10000</KwotaZaplatyCzesciowej> 
				<DataZaplatyCzesciowej>2022-01-27</DataZaplatyCzesciowej>
			</PlatnosciCzesciowe>
			<TerminyPlatnosci>
				<TerminPlatnosci>2022-03-15</TerminPlatnosci>
				<TerminPlatnosciOpis>pozostała część</TerminPlatnosciOpis>
			</TerminyPlatnosci>
			<FormaPlatnosci>6</FormaPlatnosci>
			<RachunekBankowy>
				<NrRBPL>73111111111111111111111111</NrRBPL>
				<NazwaBanku>Bank Bankowości Bankowej S. A.</NazwaBanku>
			</RachunekBankowy>
		</Platnosc>
	</Fa>
	<Stopka>
		<Informacje>
			<StopkaFaktury>Kapiał zakładowy 5 000 000</StopkaFaktury>
		</Informacje>
		<Rejestry>
			<KRS>0000099999</KRS>
			<REGON>999999999</REGON>
			<BDO>000099999</BDO>
		</Rejestry>
	</Stopka>
</Faktura>
