<?xml version="1.0" encoding="utf-8"?>
<Faktura xmlns:etd="http://crd.gov.pl/xml/schematy/dziedzinowe/mf/2021/06/09/eD/DefinicjeTypy/" xmlns:xsi="http://www.w3.org/2001/XMLSchema-instance"
xmlns="http://crd.gov.pl/wzor/2021/11/29/11089/">
	<Naglowek>
		<KodFormularza kodSystemowy="FA (1)" wersjaSchemy="1-0E">FA</KodFormularza>
		<WariantFormularza>1</WariantFormularza>
		<DataWytworzeniaFa>2022-02-15T09:30:47Z</DataWytworzeniaFa>
		<SystemInfo>Samplofaktur</SystemInfo>
	</Naglowek>
	<Podmiot1>
		<DaneIdentyfikacyjne>
			<NIP>9999999999</NIP>
			<PelnaNazwa>ABC Developex SA </PelnaNazwa>
		</DaneIdentyfikacyjne>
		<Adres>
			<AdresPol>
				<KodKraju>PL</KodKraju>
				<Ulica>Sadowa</Ulica>
				<NrDomu>1</NrDomu>
				<NrLokalu>3</NrLokalu>
				<Miejscowosc>Kraków</Miejscowosc>
				<KodPocztowy>00-002</KodPocztowy>
			</AdresPol>
		</Adres>
		<Email>abc@abc.pl</Email>
		<Telefon>667444555</Telefon>		
	</Podmiot1>
	<Podmiot2>
		<DaneIdentyfikacyjne>
			<BrakID>1</BrakID>
			<ImiePierwsze>Jan</ImiePierwsze>
			<Nazwisko>Kowalski</Nazwisko>
		</DaneIdentyfikacyjne>
		<Adres>
		   	<AdresPol>
				<KodKraju>PL</KodKraju>
				<Ulica>Polna</Ulica>
				<NrDomu>1</NrDomu>
				<Miejscowosc>Warszawa</Miejscowosc>
				<KodPocztowy>00-001</KodPocztowy>
			</AdresPol>
		</Adres>
		<Email>jan@kowalski.pl</Email>
		<Telefon>555777999</Telefon>
	</Podmiot2>
	<Podmiot3>
		<DaneIdentyfikacyjne>
		<BrakID>1</BrakID>
			<ImiePierwsze>Grażyna</ImiePierwsze>
			<Nazwisko>Kowalska</Nazwisko>
		</DaneIdentyfikacyjne>
		<Adres>
		   	<AdresPol>
				<KodKraju>PL</KodKraju>
				<Ulica>Polna</Ulica>
				<NrDomu>1</NrDomu>
				<Miejscowosc>Warszawa</Miejscowosc>
				<KodPocztowy>00-001</KodPocztowy>
			</AdresPol>
		</Adres>
		<Email>jan@kowalski.pl</Email>
		<Telefon>555777999</Telefon>
		<Rola>4</Rola>
		<Udzial>50</Udzial>
	</Podmiot3>
	<Fa>
		<KodWaluty>PLN</KodWaluty>
		<P_1>2022-08-17</P_1>
		<P_1M>Warszawa</P_1M>
		<P_2>FV2022/08/12</P_2>
		<P_6>2022-09-17</P_6>
		<P_13_1>3998.40</P_13_1>
		<P_14_1>919.63</P_14_1>
		<P_13_2>273224.05</P_13_2>
		<P_14_2>21857.92</P_14_2> 
		<P_15>300000</P_15>
		<Adnotacje>						     
			<P_16>2</P_16>					
			<P_17>2</P_17>
			<P_18>2</P_18>
			<P_18A>2</P_18A>
			<P_19>2</P_19>
			<P_22>2</P_22>
			<P_23>2</P_23>
			<P_PMarzy>2</P_PMarzy>
		</Adnotacje>
		<RodzajFaktury>ROZ</RodzajFaktury>
		<DodatkowyOpis>
			<Klucz>wysokosć pozostałej do zapłaty kwoty</Klucz>
			<Wartosc>300000 zł</Wartosc>
		</DodatkowyOpis>
		<NrFaZaliczkowej>FZ2022/02/150</NrFaZaliczkowej>		
		<FaWiersze>
			<LiczbaWierszyFaktury>2</LiczbaWierszyFaktury>
			<WartoscWierszyFaktury1>312000</WartoscWierszyFaktury1>
			<FaWiersz>
				<NrWierszaFa>1</NrWierszaFa>
				<UU_ID>aaaa111133339997</UU_ID>
				<P_7>mieszkanie 50m^2</P_7>
				<P_8A>szt.</P_8A>
				<P_8B>1</P_8B>
				<P_9A>307500</P_9A>
				<P_11>307500</P_11>
				<P_12>8</P_12>
				<P_12_Procedura>7</P_12_Procedura>
				<GTU>GTU_10</GTU>
			</FaWiersz>
			<FaWiersz>
				<NrWierszaFa>2</NrWierszaFa>
				<UU_ID>aaaa111133339998</UU_ID>
				<P_7>usługi dodatkowe</P_7>
				<P_8A>szt.</P_8A>
				<P_8B>1</P_8B>
				<P_9A>4500</P_9A>
				<P_11>4500</P_11>
				<P_12>23</P_12>
				<P_12_Procedura>7</P_12_Procedura>
			</FaWiersz>
		</FaWiersze>
	</Fa>
	<Stopka>
		<Informacje>
			<StopkaFaktury>Kapiał zakładowy 5 000 000</StopkaFaktury>
		</Informacje>
		<Rejestry>
			<KRS>0000099999</KRS>
			<REGON>999999999</REGON>
			<BDO>000099999</BDO>
		</Rejestry>
	</Stopka>
</Faktura>
