<?xml version="1.0" encoding="utf-8"?>
<Faktura xmlns:etd="http://crd.gov.pl/xml/schematy/dziedzinowe/mf/2021/06/09/eD/DefinicjeTypy/" xmlns:xsi="http://www.w3.org/2001/XMLSchema-instance"
xmlns="http://crd.gov.pl/wzor/2021/11/29/11089/">
	<Naglowek>
		<KodFormularza kodSystemowy="FA (1)" wersjaSchemy="1-0E">FA</KodFormularza>
		<WariantFormularza>1</WariantFormularza>
		<DataWytworzeniaFa>2022-02-15T09:30:47Z</DataWytworzeniaFa>
		<SystemInfo>Samplofaktur</SystemInfo>
	</Naglowek>
	<Podmiot1>
		<DaneIdentyfikacyjne>
			<NIP>9999999999</NIP>
			<PelnaNazwa>ABC Developex sp. z o. o.</PelnaNazwa>
		</DaneIdentyfikacyjne>
		<Adres>
			<AdresPol>
				<KodKraju>PL</KodKraju>
				<Ulica>Sadowa</Ulica>
				<NrDomu>1</NrDomu>
				<NrLokalu>3</NrLokalu>
				<Miejscowosc>Kraków</Miejscowosc>
				<KodPocztowy>00-002</KodPocztowy>
			</AdresPol>
		</Adres>
		<Email>abc@abc.pl</Email>
		<Telefon>667444555</Telefon>		
	</Podmiot1>
	<Podmiot2>
		<DaneIdentyfikacyjne>
			<BrakID>1</BrakID>
			<ImiePierwsze>Jan</ImiePierwsze>
			<Nazwisko>Kowalski</Nazwisko>
		</DaneIdentyfikacyjne>
		<Adres>
		   	<AdresPol>
				<KodKraju>PL</KodKraju>
				<Ulica>Polna</Ulica>
				<NrDomu>1</NrDomu>
				<Miejscowosc>Warszawa</Miejscowosc>
				<KodPocztowy>00-001</KodPocztowy>
			</AdresPol>
		</Adres>
		<Email>jan@kowalski.pl</Email>
		<Telefon>555777999</Telefon>
	</Podmiot2>
	<Podmiot3>
		<DaneIdentyfikacyjne>
		<BrakID>1</BrakID>
			<ImiePierwsze>Grażyna</ImiePierwsze>
			<Nazwisko>Kowalska</Nazwisko>
		</DaneIdentyfikacyjne>
		<Adres>
		   	<AdresPol>
				<KodKraju>PL</KodKraju>
				<Ulica>Polna</Ulica>
				<NrDomu>1</NrDomu>
				<Miejscowosc>Warszawa</Miejscowosc>
				<KodPocztowy>00-001</KodPocztowy>
			</AdresPol>
		</Adres>
		<Email>jan@kowalski.pl</Email>
		<Telefon>555777999</Telefon>
		<Rola>4</Rola>
		<Udzial>50</Udzial>
	</Podmiot3>
	<Fa>
		<KodWaluty>PLN</KodWaluty>
		<P_1>2022-03-17</P_1>
		<P_1M>Warszawa</P_1M>
		<P_2>FK2022/03/7</P_2>
		<P_6>2022-02-15</P_6>
		<P_15>0</P_15>
		<Adnotacje>
			<P_16>2</P_16>
			<P_17>2</P_17>
			<P_18>2</P_18>
			<P_18A>2</P_18A>
			<P_19>2</P_19>
			<P_22>2</P_22>
			<P_23>2</P_23>
			<P_PMarzy>2</P_PMarzy>
		</Adnotacje>
		<RodzajFaktury>KOR_ZAL</RodzajFaktury>
		<PrzyczynaKorekty>korekta wartości zamówienia o -10%</PrzyczynaKorekty>
		<TypKorekty>3</TypKorekty>
		<DaneFaKorygowanej>
			<DataWystFaKorygowanej>2022-02-15</DataWystFaKorygowanej>
			<NrFaKorygowanej>FZ2022/02/150</NrFaKorygowanej>
			<NrKSeFFaKorygowanej>1010000000-20200101-000000-000000-00</NrKSeFFaKorygowanej>
		</DaneFaKorygowanej>
		<Zamowienie>
			<LiczbaWierszyZamowienia>4</LiczbaWierszyZamowienia>
			<WartoscZamowienia>-37515</WartoscZamowienia>
			<ZamowienieWiersz>
				<NrWierszaZam>1</NrWierszaZam>
				<UU_IDZ>aaaa111133339990</UU_IDZ>
				<P_7Z>mieszkanie 50m^2</P_7Z>
				<P_8AZ>szt.</P_8AZ>
				<P_8BZ>1</P_8BZ>
				<P_9AZ>-341666.67</P_9AZ>
				<P_11NettoZ>-341666.67</P_11NettoZ>
				<P_11VatZ>-27333.33</P_11VatZ>
				<P_12Z>8</P_12Z>
				<P_12Z_Procedura>7</P_12Z_Procedura>
			</ZamowienieWiersz>
			<ZamowienieWiersz>
				<NrWierszaZam>2</NrWierszaZam>
				<UU_IDZ>aaaa111133339990</UU_IDZ>
				<P_7Z>mieszkanie 50m^2</P_7Z>
				<P_8AZ>szt.</P_8AZ>
				<P_8BZ>1</P_8BZ>
				<P_9AZ>307500</P_9AZ>
				<P_11NettoZ>307500</P_11NettoZ>		
				<P_11VatZ>24600</P_11VatZ>			
				<P_12Z>8</P_12Z>						
				<P_12Z_Procedura>7</P_12Z_Procedura>
			</ZamowienieWiersz>
			<ZamowienieWiersz>
				<NrWierszaZam>3</NrWierszaZam>
				<UU_IDZ>aaaa111133339991</UU_IDZ>
				<P_7Z>usługi dodatkowe</P_7Z>
				<P_8AZ>szt.</P_8AZ>
				<P_8BZ>1</P_8BZ>
				<P_9AZ>-5000</P_9AZ>
				<P_11NettoZ>-5000</P_11NettoZ>
				<P_11VatZ>-1150</P_11VatZ>
				<P_12Z>23</P_12Z>
				<P_12Z_Procedura>7</P_12Z_Procedura>
			</ZamowienieWiersz>
			<ZamowienieWiersz>
				<NrWierszaZam>4</NrWierszaZam>
				<UU_IDZ>aaaa111133339991</UU_IDZ>
				<P_7Z>usługi dodatkowe</P_7Z>
				<P_8AZ>szt.</P_8AZ>
				<P_8BZ>1</P_8BZ>
				<P_9AZ>4500</P_9AZ>
				<P_11NettoZ>4500</P_11NettoZ>
				<P_11VatZ>1035</P_11VatZ>
				<P_12Z>23</P_12Z>
				<P_12Z_Procedura>7</P_12Z_Procedura>
			</ZamowienieWiersz>
		</Zamowienie>
	</Fa>
	<Stopka>
		<Informacje>
			<StopkaFaktury>Kapiał zakładowy 5 000 000</StopkaFaktury>
		</Informacje>
		<Rejestry>
			<KRS>0000099999</KRS>
			<REGON>999999999</REGON>
			<BDO>000099999</BDO>
		</Rejestry>
	</Stopka>
</Faktura>	
