<?xml version="1.0" encoding="UTF-8"?>
<Faktura xmlns:etd="http://crd.gov.pl/xml/schematy/dziedzinowe/mf/2022/01/05/eD/DefinicjeTypy/" xmlns:xsi="http://www.w3.org/2001/XMLSchema-instance"
xmlns="http://crd.gov.pl/wzor/2023/06/29/12648/">
	<Naglowek>
		<KodFormularza kodSystemowy="FA (2)" wersjaSchemy="1-0E">FA</KodFormularza>
		<WariantFormularza>2</WariantFormularza>
		<DataWytworzeniaFa>2022-01-01T00:00:00Z</DataWytworzeniaFa>
		<SystemInfo>Samplofaktur</SystemInfo>
	</Naglowek>
	<Podmiot1>
		<DaneIdentyfikacyjne>
			<NIP>9999999999</NIP>
			<Nazwa>Biuro Podróży ABC sp. z o. o.</Nazwa>
		</DaneIdentyfikacyjne>
		<Adres>
			<KodKraju>PL</KodKraju>
			<AdresL1>ul. Sadowa 1 lok. 3</AdresL1>
			<AdresL2>00-002 Kraków</AdresL2>
		</Adres>
		<DaneKontaktowe>
			<Email>abc@abc.pl</Email>
			<Telefon>667444555</Telefon>
		</DaneKontaktowe>
	</Podmiot1>
	<Podmiot2>
		<DaneIdentyfikacyjne>
			<NIP>1111111111</NIP>
			<Nazwa>F.H.U. Jan Kowalski</Nazwa>
		</DaneIdentyfikacyjne>
		<Adres>
			<KodKraju>PL</KodKraju>
			<AdresL1>ul. Polna 1</AdresL1>
			<AdresL2>00-001 Warszawa</AdresL2>
		</Adres>
		<DaneKontaktowe>
			<Email>jan@kowalski.pl</Email>
			<Telefon>555777999</Telefon>
		</DaneKontaktowe>
	</Podmiot2>
	<Fa>
		<KodWaluty>PLN</KodWaluty>
		<P_1>2022-01-27</P_1>
		<P_1M>Warszawa</P_1M>
		<P_2>FM2022/02/150</P_2>
		<P_6>2022-01-27</P_6>
		<P_13_1>813</P_13_1>
		<P_14_1>187</P_14_1>
		<P_13_11>2000</P_13_11>
		<P_15>3000</P_15>
		<Adnotacje>
			<P_16>2</P_16>
			<P_17>2</P_17>
			<P_18>2</P_18>
			<P_18A>2</P_18A>
			<Zwolnienie>
				<P_19N>1</P_19N>
			</Zwolnienie>
			<NoweSrodkiTransportu>
				<P_22N>1</P_22N>
			</NoweSrodkiTransportu>
			<P_23>2</P_23>
			<PMarzy>
				<P_PMarzy>1</P_PMarzy>
				<P_PMarzy_2>1</P_PMarzy_2>
			</PMarzy>
		</Adnotacje>
		<RodzajFaktury>VAT</RodzajFaktury>
		<FaWiersz>
			<NrWierszaFa>1</NrWierszaFa>
			<P_7>wycieczka na Mazury usługi obce</P_7>
			<P_8A>szt.</P_8A>
			<P_8B>1</P_8B>
			<P_9B>2000</P_9B>
			<P_11A>2000</P_11A>
		</FaWiersz>
		<FaWiersz>
			<NrWierszaFa>2</NrWierszaFa>
			<P_7>wycieczka na Mazury usługa własna</P_7>
			<P_8A>szt.</P_8A>
			<P_8B>1</P_8B>
			<P_9B>1000</P_9B>
			<P_11A>1000</P_11A>
			<P_12>23</P_12>
		</FaWiersz>
	</Fa>
	<Stopka>
		<Informacje>
			<StopkaFaktury>Kapiał zakładowy 5 000 000</StopkaFaktury>
		</Informacje>
		<Rejestry>
			<KRS>0000099999</KRS>
			<REGON>999999999</REGON>
			<BDO>000099999</BDO>
		</Rejestry>
	</Stopka>
</Faktura>
